"file","hex","mode","confidence"
"01-Milk-Bath.webp","#d9d4d7","neutral","0"
"02-Cream.webp","#d6ccc6","neutral","0.006"
"03-Pearl.webp","#d9d2cf","neutral","0"
"04-moonlight.webp","#d3cbcb","neutral","0"
"05-Diamond.webp","#cdc3c3","neutral","0.003"
"06-Pixie-Dust.webp","#cca3a6","saturated","0.261"
"06-Pixie-Dust-3.webp","#c2adb1","neutral","0.093"
"07-Fairy.webp","#e0a2ae","saturated","0.653"
"07-Jello.webp","#c1132e","saturated","0.718"
"08-Ballerina.webp","#c47f8b","saturated","0.687"
"09-Orchid.webp","#d5677c","saturated","0.65"
"10-Flowers.webp","#c66785","saturated","0.68"
"11-Rosewood.webp","#c76586","saturated","0.686"
"12-Bloom.webp","#bf575c","saturated","0.656"
"13-Floral.webp","#c25362","saturated","0.675"
"14-Sugar-Rush.webp","#db8cb2","saturated","0.737"
"15-Bubble-Gum.webp","#d98ed1","saturated","0.675"
"16-Fushia.webp","#b6136a","saturated","0.746"
"17-Unicorn.webp","#dc8377","saturated","0.659"
"18-Peach-Hour.webp","#de8772","saturated","0.589"
"19-Sunny-Delight.webp","#f1bd87","saturated","0.682"
"19-Sunny-Delight-3.webp","#ecc287","saturated","0.816"
"1-Darling-Pink.webp","#863649","saturated","0.89"
"20-Angel.webp","#c8a399","saturated","0.468"
"20-Angel-3.webp","#ae8c7e","saturated","0.336"
"21-Petal.webp","#ad7c7b","saturated","0.593"
"22-Sunset-Beige.webp","#916765","saturated","0.58"
"23-Cup-Cake.webp","#967269","saturated","0.559"
"24-Sandy.webp","#88525a","saturated","0.587"
"25-Satin.webp","#985755","saturated","0.624"
"26-Blossom.webp","#a06078","saturated","0.61"
"27-Romantic.webp","#a75171","saturated","0.603"
"28-Lavendar-Haze-3.webp","#735970","saturated","0.278"
"28-Lavender-Haze.webp","#cd9bc1","saturated","0.415"
"29-Sugar-PLum.webp","#9965a2","saturated","0.671"
"2-rosewood.webp","#5e363a","saturated","0.865"
"30-Neon-Mauve.webp","#830172","saturated","0.742"
"31-Apple.webp","#6f0309","saturated","0.689"
"32-Gem.webp","#930207","saturated","0.705"
"33-Ruby.webp","#9f0001","saturated","0.728"
"34-Poppy.webp","#8f0109","saturated","0.661"
"35-Hot-red.webp","#9c0314","saturated","0.67"
"35-HotREd-3.webp","#980107","saturated","0.996"
"36-Spicy-Red.webp","#8e0614","saturated","0.713"
"37-Blackout.webp","#020205","saturated","0.423"
"37-Blackout-3.webp","#1e1d1d","neutral","0.11"
"38-Saphire.webp","#100c4f","saturated","0.66"
"39-Ocean-drive.webp","#143b9a","saturated","0.641"
"3-In-the-nude.webp","#864b53","saturated","0.869"
"40-Lagoon.webp","#1f30a7","saturated","0.683"
"41-Sky.webp","#1658b7","saturated","0.695"
"42-Cloud.webp","#7180b0","saturated","0.547"
"43-Light-Grey.webp","#beb1b2","neutral","0.007"
"43-Light-Grey-3.webp","#c9b6b1","neutral","0.091"
"44-SeaShell.webp","#b8aaab","neutral","0.019"
"45-Lilac.webp","#ccc2dc","neutral","0.025"
"46-Aqua.webp","#adcee3","saturated","0.55"
"47-MArshmallow.webp","#e196cc","saturated","0.655"
"48-Pepper-Mint.webp","#ccdec7","neutral","0.03"
"49-Rose-all-day.webp","#d32c59","saturated","0.687"
"4-dolce.webp","#894d4a","saturated","0.885"
"5.webp","#62a495","saturated","0.716"
"50-Violet-Vibe.webp","#965db9","saturated","0.646"
"52-Grape.webp","#3f263f","saturated","0.597"
"53-Twilight.webp","#2f232c","saturated","0.575"
"54-Mulberry.webp","#402830","saturated","0.604"
"55-Cranberry.webp","#552025","saturated","0.731"
"56-Perfect-plum.webp","#6c1e35","saturated","0.808"
"57-Berry.webp","#5b2333","saturated","0.754"
"58-Black-Cherry.webp","#4b2129","saturated","0.758"
"59-Scarlet.webp","#402a34","saturated","0.486"
"5-signature-red.webp","#bf3835","saturated","0.932"
"6.webp","#a81616","saturated","0.694"
"60-Brownie.webp","#492c2f","saturated","0.659"
"61-Charcoal.webp","#909495","neutral","0"
"62-Olive.webp","#0f2825","saturated","0.343"
"63-Forest.webp","#1a2d3e","saturated","0.717"
"64-Taupe.webp","#3b4050","saturated","0.185"
"65-Navy.webp","#22304b","saturated","0.727"
"66-Espresso.webp","#6c3f38","saturated","0.681"
"67-evergreen.webp","#274440","saturated","0.55"
"68-Velvet.webp","#4b242a","saturated","0.756"
"69-Moon-river.webp","#ab9fa1","neutral","0"
"6-auburn.webp","#97304d","saturated","0.881"
"7.webp","#be2540","saturated","0.685"
"71-Mochi.webp","#f187ac","saturated","0.709"
"72-Pink-Latte.webp","#d47dbd","saturated","0.707"
"73-Slushie.webp","#7fbbdc","saturated","0.723"
"74-Dreamy.webp","#b5aad2","saturated","0.197"
"75-Cherry-Pie.webp","#920a14","saturated","0.714"
"7-Hazelnut.webp","#996255","saturated","0.859"
"8.webp","#c4868d","saturated","0.649"
"88.webp","#cedec4","neutral","0.149"
"8-Peach-Heaven.webp","#8f574c","saturated","0.878"
"almond-top-view.webp","#b97d5e","saturated","0.889"
"b1-1.webp","#966045","saturated","0.743"
"base-coat-updated.webp","#cdcad2","neutral","0.044"
"Blender.webp","#d0b498","saturated","0.612"
"Blue-Nail-Polishes.webp","#27408e","saturated","0.488"
"body-lotion-texture.webp","#c8c7c7","neutral","0"
"Boyfriend-Blush.webp","#cd9a70","saturated","0.913"
"c2-1.webp","#bf6b57","saturated","0.863"
"c2-2.webp","#b5886c","saturated","0.782"
"Charcoal-Brush.webp","#41524f","saturated","0.531"
"Cherry-Glaze-Lip-Butter-Balm.webp","#8b111a","saturated","0.944"
"Cleansing-Balm.webp","#ce9ba8","saturated","0.426"
"Cleansing-Gel.webp","#799e85","saturated","0.259"
"Cleansing-Milk.webp","#eda3c2","saturated","0.364"
"Coconut-Body-Lotion.webp","#eca9c9","saturated","0.815"
"Concealer.webp","#d4aa91","saturated","0.798"
"cotton.webp","#d8d4d9","neutral","0.066"
"Cotton-Candy-Lip-Butter-Balm.webp","#dd6a93","saturated","0.93"
"cotton-pads.webp","#ab9884","saturated","0.273"
"Creamy-Blush.webp","#c88657","saturated","0.978"
"cuticle-oil.webp","#d9d4c5","neutral","0.072"
"GB-product-1.webp","#d2a88f","saturated","0.83"
"Hot-Chilli-Blush-copy.webp","#d39670","saturated","0.922"
"hover.webp","#a96a4b","saturated","0.937"
"hover-1.webp","#aa7952","saturated","0.998"
"hover-2.webp","#dbb9a5","saturated","0.983"
"hover-and-shade.webp","#9e4f34","saturated","0.842"
"img-cb.webp","#b75141","saturated","0.987"
"lb1.webp","#bc0119","saturated","0.893"
"lbmain.webp","#bf5a5e","saturated","0.886"
"Lip-liners-3.webp","#785245","saturated","0.824"
"Liquid-Lipstick.webp","#a1322e","saturated","0.953"
"LL1.webp","#a97763","saturated","0.752"
"ll2.webp","#710102","saturated","0.951"
"Marble-Powder.webp","#c17159","saturated","0.895"
"marble-shade.webp","#96452d","saturated","0.975"
"Marshmsllow-Blush.webp","#d39c76","saturated","0.92"
"Micellar.webp","#d8d8d8","neutral","0"
"Micellar-Cleansing-Water.webp","#efa0c0","saturated","0.309"
"Milk-Bath-4.webp","#cfc6c1","neutral","0"
"milky-texture.webp","#c5c2bf","neutral","0"
"Moisturizer.webp","#c3879b","saturated","0.741"
"Moisturizer-29737.webp","#bd8c98","saturated","0.266"
"Moon-River-brush.webp","#a79595","neutral","0.02"
"Nude-Nail-Polishes.webp","#ae5a6c","saturated","0.437"
"outside-pic.webp","#ab374e","saturated","0.576"
"papaya-top-view.webp","#cc7b62","saturated","0.891"
"Peach-Sorbet-Lip-Butter-Balm.webp","#df7f6e","saturated","0.953"
"Pen-1-Cacao-shadow.webp","#c59e93","saturated","0.477"
"Pen-2-Rosy-Shadow.webp","#c79a93","saturated","0.485"
"Pen-5-Romantic-Rose-shadow.webp","#b89589","saturated","0.469"
"Pen-6-Bare-Shadow.webp","#b89389","saturated","0.533"
"Pen-7-Naked-Shadow.webp","#b39186","saturated","0.511"
"Pen-8-Soft-Brown-2.webp","#af8d81","saturated","0.49"
"pen-black.webp","#d59c88","saturated","0.651"
"pink-mer.webp","#d19b95","saturated","0.847"
"Pink-Nail-Polishes.webp","#c05a81","saturated","0.518"
"porcelain-product.webp","#cea992","saturated","0.788"
"post.webp","#cf5c6d","saturated","0.719"
"Purple-Nail-Polishes.webp","#84348c","saturated","0.341"
"Raspberry-Jam-Lip-Butter-Balm.webp","#852347","saturated","0.913"
"Red-Nail-Polishes.webp","#800510","saturated","0.482"
"romantic-rose.webp","#b85b60","saturated","0.679"
"rose-top-view.webp","#c7705c","saturated","0.89"
"S46-AQUA-2.webp","#87a8b9","saturated","0.565"
"Salted-Caramel-Lip-Butter-Balm.webp","#be715f","saturated","0.933"
"square.webp","#c95668","saturated","0.736"
"Strawberry-Milkshake-Lip-Butter-Balm.webp","#ea9c95","saturated","0.928"
"sunbeam-texture.webp","#dbae89","saturated","0.979"
"Sunday-Morning-Blush.webp","#d19b74","saturated","0.923"
"Sunglow-Sunscreen.webp","#db9cbf","saturated","0.836"
"Sunglow-Sunscreen-SPF-50.webp","#93cfad","saturated","0.884"
"sunscreen-spf50.webp","#f4eab7","saturated","0.557"
"texture-scrub.webp","#cda68c","saturated","0.874"
"top-coat-updated.webp","#cbc9ce","neutral","0.003"
"Transparent-updated.webp","#c3bec5","neutral","0.026"
"Vanilla-Cake-Lip-Butter-Balm.webp","#f6b57e","saturated","0.961"
"VAR_0259.jpg-N-1.webp","#c29a7d","saturated","0.856"
"VAR_0260.jpg-NS-2.webp","#ce9e7f","saturated","0.89"
"VAR_0261.jpg-MB3.webp","#c59776","saturated","0.89"
"VAR_0263.jpg-C5.webp","#a8785c","saturated","0.892"
"VAR_0312-optimized.webp","#d4d3cb","neutral","0.04"
"Walnut-Body-Scrub.webp","#d69ab7","saturated","0.818"
"Watermelon-Sugar-Lip-Butter-Balm.webp","#eb797b","saturated","0.968"
"White-Eye-Pencil.webp","#e5b39f","saturated","0.674"
"White-Nail-Polishes.webp","#d3cbca","neutral","0.002"
"white-texture.webp","#efebe9","neutral","0"
"Winter-Collection-Nail-Polishes.webp","#23181d","saturated","0.362"
